{
    "loss": 9.468315124511719,
    "accuracy": 0.4313725531101227
}